{"metadata":{"meta":{"(14,3,3)":{"fields":{"palette_index":"240"},"inventory":null},"(14,4,3)":{"fields":{"palette_index":"240"},"inventory":null},"(14,5,3)":{"fields":{"palette_index":"240"},"inventory":null},"(14,6,3)":{"fields":{"palette_index":"240"},"inventory":null}}},"node_mapping":{"air":126.0,"eco:clean_glass":265.0,"eco:grass":516.0,"eco:grass_1":2144.0,"eco:grass_2":2146.0,"eco:grass_4":2150.0,"eco:grass_5":2152.0,"eco:gravel":110.0,"eco:jungle_wood":1522.0,"eco:silver_sandstone_block":10.0,"eco:silver_sandstone_block_colorable":214.0,"eco:silver_sandstone_brick_colorable":9.0,"eco:slope_baked_clay_white_half":647.0,"eco:slope_baked_clay_white_half_raised":646.0,"eco:slope_clean_glass_half":295.0,"eco:slope_clean_glass_half_raised":294.0,"eco:stone":1677.0}}