{"metadata":{"meta":{"(14,3,3)":{"fields":{"palette_index":"240"},"inventory":null},"(14,4,3)":{"fields":{"palette_index":"240"},"inventory":null},"(14,5,3)":{"fields":{"palette_index":"240"},"inventory":null},"(14,6,3)":{"fields":{"palette_index":"240"},"inventory":null}}},"node_mapping":{"air":126.0,"eco:clean_glass":759.0,"eco:grass":1010.0,"eco:grass_1":2638.0,"eco:grass_2":2640.0,"eco:grass_4":2644.0,"eco:grass_5":2646.0,"eco:gravel":607.0,"eco:jungle_wood":2016.0,"eco:silver_sandstone_block":507.0,"eco:silver_sandstone_block_colorable":708.0,"eco:silver_sandstone_brick_colorable":506.0,"eco:slope_baked_clay_white_half":1141.0,"eco:slope_baked_clay_white_half_raised":1140.0,"eco:stone":2171.0}}