{"metadata":{"meta":{"(1,3,1)":{"fields":{"palette_index":"240"},"inventory":null},"(1,4,1)":{"fields":{"palette_index":"240"},"inventory":null},"(1,5,1)":{"fields":{"palette_index":"240"},"inventory":null},"(1,6,1)":{"fields":{"palette_index":"240"},"inventory":null},"(12,3,2)":{"fields":{"palette_index":"240"},"inventory":null},"(12,3,3)":{"fields":{"palette_index":"240"},"inventory":null},"(12,3,4)":{"fields":{"palette_index":"240"},"inventory":null},"(12,3,5)":{"fields":{"palette_index":"240"},"inventory":null},"(12,3,6)":{"fields":{"palette_index":"240"},"inventory":null},"(12,3,7)":{"fields":{"palette_index":"240"},"inventory":null},"(12,4,2)":{"fields":{"palette_index":"240"},"inventory":null},"(12,4,3)":{"fields":{"palette_index":"240"},"inventory":null},"(12,4,4)":{"fields":{"palette_index":"240"},"inventory":null},"(12,4,5)":{"fields":{"palette_index":"240"},"inventory":null},"(12,4,6)":{"fields":{"palette_index":"240"},"inventory":null},"(12,4,7)":{"fields":{"palette_index":"240"},"inventory":null},"(12,5,2)":{"fields":{"palette_index":"240"},"inventory":null},"(12,5,3)":{"fields":{"palette_index":"240"},"inventory":null},"(12,5,4)":{"fields":{"palette_index":"240"},"inventory":null},"(12,5,5)":{"fields":{"palette_index":"240"},"inventory":null},"(12,5,6)":{"fields":{"palette_index":"240"},"inventory":null},"(12,5,7)":{"fields":{"palette_index":"240"},"inventory":null},"(12,6,2)":{"fields":{"palette_index":"240"},"inventory":null},"(12,6,3)":{"fields":{"palette_index":"240"},"inventory":null},"(12,6,4)":{"fields":{"palette_index":"240"},"inventory":null},"(12,6,5)":{"fields":{"palette_index":"240"},"inventory":null},"(12,6,6)":{"fields":{"palette_index":"240"},"inventory":null},"(12,6,7)":{"fields":{"palette_index":"240"},"inventory":null},"(12,7,2)":{"fields":{"palette_index":"240"},"inventory":null},"(12,7,3)":{"fields":{"palette_index":"240"},"inventory":null},"(12,7,4)":{"fields":{"palette_index":"240"},"inventory":null},"(12,7,5)":{"fields":{"palette_index":"240"},"inventory":null},"(12,7,6)":{"fields":{"palette_index":"240"},"inventory":null},"(12,7,7)":{"fields":{"palette_index":"240"},"inventory":null},"(12,8,4)":{"fields":{"palette_index":"240"},"inventory":null},"(12,8,5)":{"fields":{"palette_index":"240"},"inventory":null},"(12,8,6)":{"fields":{"palette_index":"240"},"inventory":null},"(12,8,7)":{"fields":{"palette_index":"240"},"inventory":null},"(12,9,6)":{"fields":{"palette_index":"240"},"inventory":null},"(12,9,7)":{"fields":{"palette_index":"240"},"inventory":null},"(13,10,11)":{"fields":{"palette_index":"240"},"inventory":null},"(13,5,11)":{"fields":{"palette_index":"240"},"inventory":null},"(13,6,11)":{"fields":{"palette_index":"240"},"inventory":null},"(13,7,11)":{"fields":{"palette_index":"240"},"inventory":null},"(13,8,11)":{"fields":{"palette_index":"240"},"inventory":null},"(13,9,11)":{"fields":{"palette_index":"240"},"inventory":null},"(14,10,11)":{"fields":{"palette_index":"240"},"inventory":null},"(14,5,11)":{"fields":{"palette_index":"240"},"inventory":null},"(14,6,11)":{"fields":{"palette_index":"240"},"inventory":null},"(14,7,11)":{"fields":{"palette_index":"240"},"inventory":null},"(14,8,11)":{"fields":{"palette_index":"240"},"inventory":null},"(14,9,11)":{"fields":{"palette_index":"240"},"inventory":null},"(8,10,8)":{"fields":{"palette_index":"240"},"inventory":null},"(8,5,8)":{"fields":{"palette_index":"240"},"inventory":null},"(8,6,8)":{"fields":{"palette_index":"240"},"inventory":null},"(8,7,8)":{"fields":{"palette_index":"240"},"inventory":null},"(8,8,8)":{"fields":{"palette_index":"240"},"inventory":null},"(8,9,8)":{"fields":{"palette_index":"240"},"inventory":null},"(9,10,8)":{"fields":{"palette_index":"240"},"inventory":null},"(9,5,8)":{"fields":{"palette_index":"240"},"inventory":null},"(9,6,8)":{"fields":{"palette_index":"240"},"inventory":null},"(9,7,8)":{"fields":{"palette_index":"240"},"inventory":null},"(9,8,8)":{"fields":{"palette_index":"240"},"inventory":null},"(9,9,8)":{"fields":{"palette_index":"240"},"inventory":null}}},"node_mapping":{"air":126.0,"eco:baked_clay_white":1111.0,"eco:clean_glass":759.0,"eco:gravel":607.0,"eco:jungle_wood":2016.0,"eco:silver_sandstone_block":507.0,"eco:silver_sandstone_block_colorable":708.0,"eco:silver_sandstone_brick_colorable":506.0,"eco:slope_baked_clay_white_half":1141.0,"eco:slope_baked_clay_white_half_raised":1140.0,"eco:slope_clean_glass_half":789.0,"eco:slope_clean_glass_half_raised":788.0,"eco:stone":2171.0}}