{"metadata":{"meta":{"(1,10,8)":{"fields":{"palette_index":"240"},"inventory":null},"(1,5,8)":{"fields":{"palette_index":"240"},"inventory":null},"(1,6,8)":{"fields":{"palette_index":"240"},"inventory":null},"(1,7,8)":{"fields":{"palette_index":"240"},"inventory":null},"(1,8,8)":{"fields":{"palette_index":"240"},"inventory":null},"(1,9,8)":{"fields":{"palette_index":"240"},"inventory":null},"(14,3,1)":{"fields":{"palette_index":"240"},"inventory":null},"(14,4,1)":{"fields":{"palette_index":"240"},"inventory":null},"(14,5,1)":{"fields":{"palette_index":"240"},"inventory":null},"(14,6,1)":{"fields":{"palette_index":"240"},"inventory":null},"(2,10,8)":{"fields":{"palette_index":"240"},"inventory":null},"(2,5,8)":{"fields":{"palette_index":"240"},"inventory":null},"(2,6,8)":{"fields":{"palette_index":"240"},"inventory":null},"(2,7,8)":{"fields":{"palette_index":"240"},"inventory":null},"(2,8,8)":{"fields":{"palette_index":"240"},"inventory":null},"(2,9,8)":{"fields":{"palette_index":"240"},"inventory":null},"(5,10,11)":{"fields":{"palette_index":"240"},"inventory":null},"(5,5,11)":{"fields":{"palette_index":"240"},"inventory":null},"(5,6,11)":{"fields":{"palette_index":"240"},"inventory":null},"(5,7,11)":{"fields":{"palette_index":"240"},"inventory":null},"(5,8,11)":{"fields":{"palette_index":"240"},"inventory":null},"(5,9,11)":{"fields":{"palette_index":"240"},"inventory":null},"(6,10,11)":{"fields":{"palette_index":"240"},"inventory":null},"(6,5,11)":{"fields":{"palette_index":"240"},"inventory":null},"(6,6,11)":{"fields":{"palette_index":"240"},"inventory":null},"(6,7,11)":{"fields":{"palette_index":"240"},"inventory":null},"(6,8,11)":{"fields":{"palette_index":"240"},"inventory":null},"(6,9,11)":{"fields":{"palette_index":"240"},"inventory":null}}},"node_mapping":{"air":126.0,"eco:baked_clay_white":617.0,"eco:clean_glass":265.0,"eco:gravel":110.0,"eco:jungle_wood":1522.0,"eco:silver_sandstone_block":10.0,"eco:silver_sandstone_block_colorable":214.0,"eco:silver_sandstone_brick_colorable":9.0,"eco:slope_baked_clay_white_half":647.0,"eco:slope_baked_clay_white_half_raised":646.0,"eco:slope_clean_glass_half":295.0,"eco:slope_clean_glass_half_raised":294.0,"eco:stone":1677.0}}