{"metadata":{"meta":{"(12,3,1)":{"fields":{"anz":"0","formspec":"size[11,10]label[0,0;\u001b(T@moreblocks)Input material\u001bE]list[current_name;input;1.7,0;1,1;]label[0,1;\u001b(T@moreblocks)Left-over\u001bE]list[current_name;micro;1.7,1;1,1;]label[0,2;\u001b(T@moreblocks)Recycle output\u001bE]list[current_name;recycle;1.7,2;1,1;]field[0.3,3.5;1,1;max_offered;\u001b(T@moreblocks)Max\u001bE:;${max_offered}]button[1,3.2;1.7,1;Set;\u001b(T@moreblocks)Set\u001bE]list[current_name;output;2.8,0;8,6;]list[current_player;main;1.5,6.25;8,4;]listring[current_name;output]listring[current_player;main]listring[current_name;input]listring[current_player;main]listring[current_name;micro]listring[current_player;main]listring[current_name;recycle]listring[current_player;main]","infotext":"\u001b(T@moreblocks)Circular Saw is empty\u001bE (\u001b(T@moreblocks)owned by \u001bFsingleplayer\u001bE\u001bE)","max_offered":"99","owner":"singleplayer"},"inventory":{"input":[""],"micro":[""],"output":["","","","","","","","","","","","","","","","","","","","","","","","","","","","","","","","","","","","","","","","","","","","","","","",""],"recycle":[""]}}}},"node_mapping":{"air":126.0,"eco:desert_sandstone":1294.0,"eco:gravel":732.0,"eco:grey_bricks":578.0,"eco:stair_grey_bricks":579.0,"eco:stone":1144.0}}