{"metadata":{"meta":{"(1,3,3)":{"fields":{"palette_index":"240"},"inventory":null},"(1,4,3)":{"fields":{"palette_index":"240"},"inventory":null},"(1,5,3)":{"fields":{"palette_index":"240"},"inventory":null},"(1,6,3)":{"fields":{"palette_index":"240"},"inventory":null}}},"node_mapping":{"air":126.0,"eco:clean_glass":759.0,"eco:grass":1010.0,"eco:gravel":607.0,"eco:jungle_wood":2016.0,"eco:silver_sandstone_block":507.0,"eco:silver_sandstone_brick_colorable":506.0,"eco:slope_baked_clay_white_half":1141.0,"eco:slope_baked_clay_white_half_raised":1140.0,"eco:slope_clean_glass_half":789.0,"eco:slope_clean_glass_half_raised":788.0,"eco:stone":2171.0}}