{"metadata":{"meta":{"(2,3,9)":{"fields":{"palette_index":"240"},"inventory":null},"(2,4,9)":{"fields":{"palette_index":"240"},"inventory":null},"(2,5,9)":{"fields":{"palette_index":"240"},"inventory":null},"(2,6,9)":{"fields":{"palette_index":"240"},"inventory":null},"(2,7,9)":{"fields":{"palette_index":"240"},"inventory":null}}},"node_mapping":{"air":126.0,"eco:baked_clay_white":1111.0,"eco:clean_glass":759.0,"eco:gravel":607.0,"eco:silver_sandstone_block":507.0,"eco:silver_sandstone_brick_colorable":506.0,"eco:stair_baked_clay_white":1112.0,"eco:stair_baked_clay_white_inner":1114.0,"eco:stone":2171.0}}